http://www.ycfloor.com//Uploads/image/20200309/1583754958711287.jpg,http://www.ycfloor.com//Uploads/image/20200309/1583755169460590.jpg
http://www.ycfloor.com//Uploads/image/20200306/1583466326809853.jpg,http://www.ycfloor.com//Uploads/image/20200306/1583466580201306.jpg
http://www.ycfloor.com//Uploads/image/20200306/1583469058324504.jpg,http://www.ycfloor.com//Uploads/image/20200306/1583469236909226.jpg
http://www.ycfloor.com//Uploads/image/20191031/1572494074281596.jpg,http://www.ycfloor.com//Uploads/image/20191031/1572494075385699.jpg,http://www.ycfloor.com//Uploads/image/20191031/1572494075971735.jpg,http://www.ycfloor.com//Uploads/image/20191031/1572494231358027.jpg,http://www.ycfloor.com//Uploads/image/20200305/1583419267541203.jpg,http://www.ycfloor.com//Uploads/image/20200305/1583419314747215.jpg
http://www.ycfloor.com//Uploads/image/20200306/1583467329901985.jpg,http://www.ycfloor.com//Uploads/image/20200306/1583467386556859.jpg,http://www.ycfloor.com//Uploads/image/20200306/1583467638331413.jpg
http://www.ycfloor.com//Uploads/image/20200306/1583510383356644.jpg,http://www.ycfloor.com//Uploads/image/20200307/1583510649507689.jpg
http://www.ycfloor.com//Uploads/image/20200307/1583563991298211.jpg,http://www.ycfloor.com//Uploads/image/20200307/1583564485947669.jpg
http://www.ycfloor.com//Uploads/image/20200307/1583560990606473.jpg,http://www.ycfloor.com//Uploads/image/20200307/1583561853272367.jpg
http://www.ycfloor.com//Uploads/image/20200310/1583815707232279.jpg,http://www.ycfloor.com//Uploads/image/20200310/1583816144296808.jpg
http://www.ycfloor.com//Uploads/image/20200309/1583733032627117.jpg,http://www.ycfloor.com//Uploads/image/20200309/1583733295585459.jpg
http://www.ycfloor.com//Uploads/image/20200306/1583490085737315.jpg,http://www.ycfloor.com//Uploads/image/20200306/1583490350171130.jpg
http://www.ycfloor.com//Uploads/image/20200306/1583491697857108.jpg,http://www.ycfloor.com//Uploads/image/20200306/1583491987731826.jpg
http://www.ycfloor.com//Uploads/image/20200306/1583507317999413.jpg,http://www.ycfloor.com//Uploads/image/20200306/1583507551471042.jpg
http://www.ycfloor.com//Uploads/image/20200306/1583493739706426.jpg,http://www.ycfloor.com//Uploads/image/20200306/1583493985116987.jpg
http://www.ycfloor.com//Uploads/image/20200306/1583496425932058.jpg,http://www.ycfloor.com/http://www.czyuanchuan.com/uploads/allimg/190321/1-1Z321111212M1.png,http://www.ycfloor.com//Uploads/image/20200306/1583496909472415.png,http://www.ycfloor.com//Uploads/image/20200306/1583496842636989.png,http://www.ycfloor.com//Uploads/image/20200306/1583496930696065.png,http://www.ycfloor.com//Uploads/image/20200306/1583496960823353.jpg
http://www.ycfloor.com//Uploads/image/20200310/1583847524723747.jpg,http://www.ycfloor.com//Uploads/image/20200310/1583847741452719.jpg
http://www.ycfloor.com//Uploads/image/20200306/1583503716228454.jpg
http://www.ycfloor.com//Uploads/image/20200318/1584532053599003.jpg
http://www.ycfloor.com//Uploads/image/20200319/1584623585286027.jpg,http://www.ycfloor.com//Uploads/image/20200319/1584623550505195.jpg,http://www.ycfloor.com//Uploads/image/20200319/1584624099388237.jpg,http://www.ycfloor.com//Uploads/image/20200319/1584624117715115.jpg,http://www.ycfloor.com//Uploads/image/20200319/1584624138718694.jpg,http://www.ycfloor.com//Uploads/image/20200319/1584624159125870.jpg,http://www.ycfloor.com//Uploads/image/20200319/1584624184388984.jpg,http://www.ycfloor.com//Uploads/image/20200319/1584624203680200.jpg,http://www.ycfloor.com//Uploads/image/20200319/1584624223997566.jpg,http://www.ycfloor.com//Uploads/image/20200319/1584624240202900.jpg,http://www.ycfloor.com//Uploads/image/20200319/1584624257679650.jpg,http://www.ycfloor.com//Uploads/image/20200319/1584624306986406.jpg,http://www.ycfloor.com//Uploads/image/20200319/1584625047300811.jpg,http://www.ycfloor.com//Uploads/image/20200319/1584625252478334.jpg
http://www.ycfloor.com//Uploads/image/20200325/1585141232751849.jpg,http://www.ycfloor.com//Uploads/image/20200325/1585141246583451.jpg
http://www.ycfloor.com//Uploads/image/20200318/1584533930486472.jpg
http://www.ycfloor.com//Uploads/image/20200318/1584534981708408.jpg
http://www.ycfloor.com//Uploads/image/20200318/1584539057818823.jpg
http://www.ycfloor.com//Uploads/image/20200318/1584539322288311.jpg
http://www.ycfloor.com//Uploads/image/20200323/1584955127646113.jpg
http://www.ycfloor.com//Uploads/image/20200318/1584545577313027.jpg
http://www.ycfloor.com//Uploads/image/20200323/1584954908608813.jpg,http://www.ycfloor.com//Uploads/image/20200323/1584954940742668.jpg
