宏巨防静电地板,"产品材质： 全钢防静电地板上层为冷轧钢板，下层采用采用优质抗拉钢板冲压成型，外面磷化后进行喷塑（优质的塑粉）处理，两层经过冲压形成钢壳，钢壳内填充发泡水泥；上表面粘贴高耐磨防静电贴面三聚氢胺贴面（HPL）或者防静电PVC贴面，四周镶嵌导电边条。  系统组成： 高架防静电地板系统由地板，横梁，支架组成。横梁和自身高度可调的支架地板用螺丝连接成稳固的下部支撑结构，地板镶嵌如横梁围构的四方袼内。 产品特点： 1、全钢组合，科学力学结构，强度高，承载力强。  2、表面静电喷塑处理，耐蚀性能佳，防火，防尘，防静电。  3、地板可任意切割，安装附件方便，优化机房布线设计。  4、活动地板铺设高度可以任意选择，四周固定，安装方便。 5、下部空间可作为空调通风，网络走线之用。 适用场所： 计算机机房、程控机房、卫星及飞船反射指控中心、监控指挥中心、控制器、电化教室、电子阅览室、有防尘、防静电及需要架空的场合。 型 号 规格    MM 集中载荷 极限    载荷    N 均布    载荷    N/M 滚动载荷N 备 注 Inter-    national 国标 LB N KG 10 次 10000 次 HH450 HDG600.30.CQD 600x600x30 ≥440 ≥1960 ≥200 ≥5880 ≥9720 1958 1566 1X10 —1X10 Ω ( 系统电阻）     HPL/PVC 贴面        板面高度    35-300MM   HDG600.35.CQD 600x600x35 HH650 HDG600.30.QD 600x600x30 ≥662 ≥2950 ≥301 ≥850 0 ≥12500 2946 2356 HDG600.35.QD 600x600x35 HH800 HDG600.35.QD 600x600x35 ≥800 ≥3550 ≥363 ≥11250 ≥16100 3560 2670 HH1000 HDG600.35.BD 600x600x35 ≥1000 ≥4450 ≥453 ≥13350 ≥23000 4450 3560 HH1250 HDG600.35.ZD 600x600x35 ≥1250 ≥5560 ≥567 ≥16680 ≥33000 5560 4450 备注：    地板配件比例：支架每平米*3.2只 横梁每平米*5.2根 螺丝每平米*10.4只。地板承重及支架高度可定制。 1.活动地板铺设高度可以任意选择。 2.支架承载能力不低于20KN,并与各型号活动地板匹配。 材质备注： 1 . 地板底板材料:采用（宝钢）冷轧ST14深冲板、地板上板材料采用（宝钢）轧硬板SPCC-SD。 2.地板面层:HPL贴面、PVC贴面,另有：地毯面、陶瓷面、塑胶材料面层、木纹面等。"
远川全钢防静电地板,■ 地板组成: ■ 系统组装: ■ 产品特点: 产品技术参数 HDG600 型防静电地板 / 通风板技术参数 型号 规格（ mm ） 集中荷载 挠度 =2mm 极限荷载 均布荷载      （ N/ ㎡） LB N Kg LB N Kg YC-800 HDG6035.Q 600*600*35 800 3560 360 2398 10670 1090 18140 YC-1000 HDG6035.B 600*600*35 1000 4450 450 3000 13350 1360 23000 YC-1250 HDG6035.Z 600*600*35 1250 5560 560 3750 16680 1700 33000 YC-1500 HDG6035.CZ 600*600*35 1500 6670 680 5100 22680 2310 44900
陶瓷高架活动地板,【 概述】  全钢陶瓷防静电地板采用上海宝钢优质合金冷轧钢板，经拉伸后点焊成形。在瓷质面层的生产过程中，均匀注入防静电添加剂，由于面层的耐磨性，防静电性能可以保持60年以上。而且系统电阻稳定、经信息产业部防静电协会检测，各项性能均达到要求。   【 系统组装】  全钢陶瓷防静电地板系统有地板、横梁、支座组成。横梁和自身高度可调的支座用螺钉连结成稳固的下部支承系统，地板镶嵌入横梁围成的方格内。   【 特点】  全钢陶瓷防静电地板由全钢组成，机械强度高、承载能力强、防火性能好。 表面静电喷塑，柔光、耐磨、防腐蚀、不开裂。 粘贴的装饰是防静电陶瓷，耐磨性及防静电性能优良、抗污染、便于清洗、装饰性强，防火性好。主要优势：布线量大，互换性好、维修方便、经久耐用。 【 应用范围】  ◆智能化高档办公楼、5A智能建筑，完全满足高频率的使用情况并便于清理。   ◆银行、邮电、石油、电力部门的高档程控机房、计算机房。   ◆微电子生产安装车间及管线铺设较集中，有防尘、防静电要求的地方。 产品技术参数：
全钢（无边）防静电地板,无边防静电地板：四周没有边条，安装美观大方。适用在载重要求和防静电要求较高的场所，如有大型服务器和机柜的主机房。大、中、小型的计算机机房，程控机房、卫星及飞船反射指控中心、监控指挥中心、控制器、电化教室、电子阅览室、各种电气控制机房、邮电枢纽和用计算机控制的军事、经济、国家安全、航空、航天及交通指挥调度和信息管理中心等防尘、防静电及需要架空的场合。 无边全钢防静电活动地板采用优质合金冷轧钢板（宝钢钢材），经拉伸后点焊成形。外表经磷化后进行静电喷塑处理，内腔填充标准纯水泥，上表面粘贴高耐磨防火高压层（hpl）或（pvc）贴面。全钢防静电地板是在冲压成形并焊接的金属壳中浇注水泥，保证了地板的高强度和耐冲击性能。此外，全钢地板科学的力学结构使它的承载能力比同等规格的其他地板高30%。 全钢地板适用在载重要求和防静电要求较高的场所，如有大型服务器和机柜的主机房。大、中、小型的计算机机房，程控机房、卫星及飞船反射指控中心、监控指挥中心、控制器、电化教室、电子阅览室、各种电气控制机房、邮电枢纽和用计算机控制的军事、经济、国家安全、航空、航天及交通指挥调度和信息管理中心等防尘、防静电及需要架空的场合。 表层贴面：进口高耐磨三聚氢氨防火板（hpl）或 pvc 贴面 下层：静电喷塑 底面：采用st14拉伸板 表面：选用spcc1d硬质钢板（宝钢钢材） 中间：填充发泡水泥。   1、全钢结构，强度高、承载能力强、耐冲击性能好； 2、表面静电喷塑，柔光、耐磨、防水、防火、防尘、防腐蚀； 3、粘贴的装饰高压层板，耐磨性及防静电性能优良、抗污染、便于清洗、装饰性强； 4、组装灵活、维修方便、使用寿命长； 5、地板可任意切割，安装附件方便； 6、四边固定，安装方便； 7、下部空间可作为空调通风用； 8、对超重设备而言，只要在地板下增加支架，即能解决承载问题； 9、拆装方便，只要更换装饰贴面，就能重复使用； 10、安装地插座时必须根据地插座的规格进行开孔。   全钢（无边）防静电地板 产品技术参数 HDG600 型防静电地板 / 通风板技术参数 型号 规格（ mm ） 集中荷载 挠度 =2mm 极限荷载 均布荷载       （ N/ ㎡） LB N Kg LB N Kg YC-800 HDG6035.Q 600*600*35 800 3560 360 2398 10670 1090 18140 YC-1000 HDG6035.B 600*600*35 1000 4450 450 3000 13350 1360 23000 YC-1250 HDG6035.Z 600*600*35 1250 5560 560 3750 16680 1700 33000 YC-1500 HDG6035.CZ 600*600*35 1500 6670 680 5100 22680 2310 44900
全钢（微边）防静电地板,【微边防静电地板】基本说明 	全钢外壳结构，优质水泥填充，HPL或PVC，陶瓷贴面，底面采用ST14拉伸板，表面选用SPCC硬质钢材，地板四周采用“F”型边条镶嵌在贴面和钢板之间，边条压制牢固不易脱落，支座使用钢板压成型，丝杆高度可任意调节，横梁选用方管制作。  【微边防静电地板】产品特点 	新型微边防静电地板公开了一种全钢微边防静电地板，包括地板本体，所述的本体表面设置有贴面，所述的贴面四周边缘设置有镶嵌在折边结构里的界面为F型的导电封边条，新型克服了老式防静电地板边条界面高于贴面而带来的平整度较差的不足，实现防静电功能的同时，板面平整度整整提高了五倍以上，非常实用。 【微边防静电地板】适用范围 	全钢微边防静电地板铺装后接缝极细广泛用于程控机房、计算机房、控制室、实验室、电教室、微电子生产安装车间及管线铺设较集中，有防静电要求的地方，还可以用于智能化办公楼、银行、邮电、电力调度等场所。 产品技术参数 HDG600 型防静电地板 / 通风板技术参数 型号 规格（ mm ） 集中荷载 挠度 =2mm 极限荷载 均布荷载      （ N/ ㎡） LB N Kg LB N Kg YC-800 HDG6035.Q 600*600*35 800 3560 360 2398 10670 1090 18140 YC-1000 HDG6035.B 600*600*35 1000 4450 450 3000 13350 1360 23000 YC-1250 HDG6035.Z 600*600*35 1250 5560 560 3750 16680 1700 33000 YC-1500 HDG6035.CZ 600*600*35 1500 6670 680 5100 22680 2310 44900
硫酸钙地板,硫酸钙防静电地板 产品介绍： “远川”牌硫酸钙防静电地板采用硫酸钙为基材，地板上面用防火板HPL/PVC/陶瓷地板等装饰面层，下面用镀锌板或压花铝合金粘合，四周用PVC导静电封边，地板不易受潮，不易变形，耐燃烧时间更长，使用寿命长，安装好的地板下面形成通路，方便下面地板走线，线路检修。地板无需除油磷化喷塑，平整度好、边不反翘，环保、强度大，密封性及稳定性好。 硫酸钙防静电地板 1、强度高、平整、防火不燃A级，水浸泡不变形。 2、用ABS树脂材料包边，防静电性能优良。 3、装饰面层根据用户的喜好和应用可以个性化定制。 4、底板一般为镀锌钢板、保护板芯、增加承重。 5、可随意搬移、互换、完全符合经济效益。 硫酸钙防静电地板产品应用： 适用于各种 5A 级智能化楼宇、5A级写字楼、各类机房及有架空要求、网络综合布线的场所，更适合于旧办公楼综合布线的地面改造。 硫酸钙防静电地板 				型号 				规格（mm） 				集中荷载 挠度=2mm 集中荷载 				均布荷载（N/㎡） Ib 				N 				Kg 				Ib 				N 				Kg 标准 				标准 FS1000 				B 				600*600*30 				1000 				4450 				450 				4450 				13350 				1360 				23000 				FS1250 				Z 				600*600*30 				1250 				5560 				560 				3750 				16680 				1700 				33000 				FS1500 				CZ 				600*600*32 				1500 				6670 				680 				5100 				22680 				2310 				449
复合防静电地板,【规格型号】 ◆ HDM 600×600×40mm  【产品材质】 ◆  基板板芯采用、未经加工的中高密度刨花板基，上面粘贴HPL(防火板)、PVC、陶瓷、等不同装饰面层，下面粘贴镀锌钢板/铝板/铝箔，四周导静电黑胶条封边，阻止机械损坏及潮湿变形。通过阻燃剂的添加，使其达到B1级防火，且具有较轻的自重，达到更高的承载能力和环保水平，标配出口型加重配件。 【功能特点】 ◆ 美观大方、经久耐用、脚感好，可与进口地板媲美，防静电、电磁屏蔽、防水、防火、机械强度高。 【应用范围】 ◆  广泛应用于电子计算机房、卫星地面站机房，电台控制室，发射台控制室，微波通信站机房，程控电话交换机房，洁净厂房，电子仪器厂装配车间，机密光学仪器制造车间，医院，学校等有防静电要求的场合。 产品名称 				欧式复合地板—加强型 				欧式复合地板—普通型 				规格（mm） 600*600*40 				600*600*30 面板重量 7.5~12KG 				7.5~12KG 集中荷载(KG) 				360 				200 均布荷载(N/M ) 				9800 				5400 防火性能 				阻燃B1级 				系统电阻（Ω） 				导电型R<10 ；静电耗散型：10 ~10 Ω
铝合金防静电地板,"【 规格型号 】 ◆ HDL 600×600×50/55mm  【产品概述】 铝合金防静电地板（含铝合金通风板），完全以铝合金一次负压铸造而成，融合了铝合金耐腐蚀、高强度的特性。具有尺寸精度高、导电性能好、防火性能好、防磁、不易变形等特点。性能极其稳定，为防静电地板中最高档的产品。 铝合金防静电地板是铝合金材料经熔炼铸造，经机械加工而成，因而尺寸精度高。 铝合金地板板基不会因水浸受潮而变形，不腐蚀，因而使用寿命长。铝合金属难燃非燃的金属物质，故防火性能好。表面粘贴高耐磨三聚氰胺防静电贴面或PVC导电地砖，铝合金地板板基有很高的回收价值及翻新再重用价值。主要用在要求极高的工作场所，平板的格状结构能够有效地分散机械设备的重量，每块平板的尺寸精确，方便调换且经久耐用，能满足半导体洁净室和其它生产场所的承重需求。 有多种型号可供选择，该通风地板有1024或1280个倒角孔，1024孔提供了18.09%～27.02%的通风率，1280孔提供了22.61%～33.77%的通风率。符合微机房和洁净室的通风要求。该通风板可以和其它地板互换。 优 点： 特点： A.铝合金铸造，强度高、阻燃、变形小、防腐蚀、防磁、表面粘有抗静电贴面，美观、行走舒适，抗静电性能永不衰减。 B.安装方便，易于拆装改装,地板高度可任意选择和调节 【 】 铝合金防静电地板广泛适用于军事指挥、航天中心、大型金融数据处理中心及超洁净厂房等要求极其严格的场所。"
防静电瓷砖,"【 防静电地板 瓷砖概述】 防静电 陶 瓷砖具有永久性防静电和 高档艺术装饰效果的一种功能性陶瓷砖，是防静电地面材料多样化的一次重大进步，为防静电行业和陶瓷业注入了新的活力，填补了国内空白，经专家鉴定为处于国际领先水平。  防静电陶瓷砖是一种新型防静电材料，克服当前使用的，如环氧和三聚氰氨、PVC防静电涂料、地板、防静电橡胶板等高分子材料易老化、不耐磨、易污染、耐久性和防火欠佳的问题。克服以上防静电材料缺点，兼容了陶瓷地砖优点，具有美观耐用、防火、防滑、抗压、耐磨、耐腐蚀、防污、防水防渗透、放辐射性低、环保卫生易于施工，是一种永久性防静电，具有高档艺术装饰效果的一种功能性陶瓷砖。  主要应用于医院手术室、能源、国防、航天、航空、电子、石油化工信息等及民用生活领域。是目前最理想的防静电与装饰兼容的材料。具有开发前途的一种新型防静电新产品是墙地砖产业的一次创新，并将推动防静电产业，沿着节约能源，走循环经济，环保生产产品的发展有重要的现实意义和深远意义。 【 防静电地板 瓷砖功能】 防静电性   ◆防静电陶瓷砖电性能检测值比对表（实测）  ◆标准技术指标 表面电阻1×105～1×109Ω 体积电阻1×106～1×109Ωcm  ◆国家建陶质检中心 1.3×108Ω 9×106Ωcm  ◆兵器工业静电检测中心 1.3×107Ω 2.3×107Ωcm  ◆信息部静电质检中心 2×108Ω 9×106Ωcm  放射性   ◆根据实物检测和生产实际控制，IRa≤0.6，Ir≤1.0，严于国家规定与环保产品规定A类要求。实测为IRo=0.15，Ir=0.52，国家标准与环保产品规定分别是IRo≤1.0，Ir≤1.3，IRo≤0.9，Ir≤1.2。  铅镉含量   ◆国家环保认证产品规定可溶性铅含量不大于20mg/kg，  ◆可溶性镉含量不大于5mg/kg。  ◆实际检测产品可溶性铅含量0.58mg/kg,镉含量0.03mg/kg。   【 防静电地板 瓷砖优势】   一、不受环境影响，通体都具有永久、稳定的防静电性能，体电阻和面电阻均小于5×108Ω。  二、耐热性能优良，耐高温达1200℃导电性不变。  三、耐磨、耐腐蚀、耐酸碱、耐油污、阻燃性、防渗透是其它材料无法比拟的。  四、陶瓷质地，永不老化。  五、无毒、无味、无辐射、是绿色环保产品。  六、花色品种可以任意选择。  七、发尘量小，与嵌缝剂配合使用可满足较高级别的洁静环境要求。  八、施工方便，适合在各种新老建筑物中采用。  防静电陶瓷砖的研发成功彻底解决里困扰世界的难题，以其稳定的防静电性能和优良的品质必将规范整个防静电市场。为人类的生产、生活提供保障。 【 防静电地板 瓷砖特点】   防静电陶瓷砖已通过信息产业部防静电检测中心、兵器部静电检测中心、总装备部通用装备保障部静电计量测试站、国家建筑材料监督检验测试中心检测，各项指标均符合国家要求。能减排指的是减少能源浪费和降低废气排放，实现经济增长和环境保护的双赢。  与其他地面材料比较：  防静电PVC板：易老化、易划伤、抗污能力差、防火性能差、不耐磨、抗压性能差、易变形、抗静电年限短、对施工地面要求高，聚氯乙烯材料燃烧会释放剧毒气体——氯气，且不能分解，造成环境污染。  聚氨脂、环氧自流平：施工复杂、造价高、抗压性能差、易变形开裂隆起、防火性差、使用年限短、高温会产生刺鼻气味.胶粘性、难分解污染环境。  防静电橡胶板：易老化、不耐磨、抗压性能差、易变形、防火性差、使用年限短、橡胶材料会产生气味且具有胶粘性。  防静电水磨石：施工工期很长(约在45天到60天，浪费财力、时间)、易起尘、易吸潮、放射性高、装修效果差。  防静电瓷砖：具有不老化、抗磨、抗压、不开裂、不变形、无毒无味、耐高温、防火性能强、发尘量小、使用年限长、防静电性能永久、可回收利用、无环境污染、对地面要求低、易于施工、施工工期短、装饰效果强等优点。  所以防静电瓷砖是目前最理想的防静电与装饰兼容的材料。符合国家节能减排的产业政策，具有开发前途的一种新型防静电产品。是墙地砖产业的一次创新，并将推动防静电产业，沿着节约能源，走循环经济，环保生产的发展有重要的现实意义和深远意义。 【 防静电地板 瓷砖应用范围】   石油、化工、纺织、油漆、兵器、易燃易爆车间、医院手术室、麻醉室、氧吧等。  对防尘、防火、防酸碱腐蚀等有要求的地面、墙面和天花板  大规模、超大规模集成电路生产洁净车间。  各类通信机房（程控电话、移动电通信、微波通信、卫星地面站机房）。  电脑机房、通信设备生产车间、精密仪器车间、感光化学车间。  电路调度中心、地铁控制中心、交通控制中心，公路管理中心、公安消防报警指挥中心。  广播电视发射中心、各类信息中心、工业控制中心、机场空中管制中心、口岸航运管理中心、  气象卫星中心、新闻出版中心。  进行深加工可制成活动地板，工作台板等防静电板材。 【 防静电地板 瓷砖技术指标】     一、防静电性能   表面电阻：            1～10兆欧（6次方）  系统电阻：            1～10兆欧（6次方）   二、施工参数   平 整 度：           中心上凸≤0.5mm   尺    寸：            600*600  边    长：            599.60～600.00mm   对角线偏差：          ≤0.5 mm   厚    度：            9.5～10.5mm    三、物化性能   耐火等级：           A级   吸 水 率：            ≤0.3％   表面硬度：           ≥7   耐 磨 性：           ＜0.05g/1000转   断裂模数：           平均值≥37Mpa，单个值≥35Mpa   破坏强度：           平均值≥1800N   抗热震性：            经10次抗热震性试验不出现炸裂或裂纹   耐化学腐蚀性：     耐低浓度酸或碱不低于GLB级；耐家用化学品不低于GB级   耐 污 染：              不低于4级  国内外防静电地面材料技术性能比较   产品名称   主要应用范围   优点   缺点   电性能(兆欧) 防火性   抗静电年限   防静电PVC板   电子仪器生产车间、洁净车间、集成电路生产厂房   不发尘、施工简单   易老化、易划伤、抗污能力差、不耐磨、对施工地面要求高   1 ～1000 B 级   3 年以上   聚氨脂及环氧自流平地面   电子仪器生产车间、洁净厂房、医院手术室   不发尘   施工复杂、造价高   1 ～1000 B 级   5 年以上   防静电橡胶板   电子仪器生产车间、集成电路生产车间、交换设备生产车间   施工简单、不发尘   易老化、不耐磨   10 ～100 B 级   5 年以上   防静电水磨石   火工、石油、飞机修理厂、跑道、制药厂   施工简单、造价低   易起尘、易吸潮、装修效果差   1 ～100 A 级   5 年以上   防静电抛光砖   电子仪器生产车间、洁净车间、大规模集成电路生产车间、上走线设备的电信机房   不发尘、耐磨、耐腐、抗污能力强、防火性好   防静电性能差   1000 ～10000 A 级   10 年以上   防静电瓷砖 电子仪器生产车间、洁净车间、大规模集成电路生产车间、上走线设备的电信机房   防静电性能优异，不发尘、耐磨、耐腐、抗污能力强、防火性好   款式少   10 ～30 A 级   20 年以上   注：IEC1340-4-1规定，1～1000兆欧的材料为静电耗散材料"
机房彩钢板,【 机房墙板规格型号】 机房墙板单块宽度1200mm，标准板高度分别可以做到2400mm--3000mm（每增加100mm为一个规格）。超过3000mm可根据实际情况定制。 【机房墙板产品介绍】 机房墙板是针对数据中心、计算机机房、服务器机房、网络机房、电子机房、交换机机房、航天设备机房等需要，为各种机房专门设计生产的机房墙板，在设计时对机房的综合布线要求、防尘要求、保温要求、屏蔽要求、质量要求、安全要求、改建要求、长期使用要求、便捷性要求、美观时尚要求、一体化要求、防静电防火防霉要求以及机房墙板对用户身体健康等相关技术的规范和条件等都做了充分考虑。 另外为各种机房专门制造的金属面夹芯墙板或钢面墙板或金属墙板也叫做机房墙板。机房墙板具有防火、防积尘、防静电、防潮湿、隔音降噪、防霉、抗震、抗磁干扰、抗冲击、抗氧化、耐酸碱腐蚀、不易脱色、无色差、美观大方、明亮时尚、安装清洁方便、易保养、不冷缩、不热涨、不易变形、可以重复利用、具备环保节能等强大的实用功能。 【机房墙板功能特点】 1 、原材采用具抗氧化性的热溶镀锌钢板与品牌石膏板相结合，耐火能力及燃点远远超过其他同类产品。 2 、面板独有 V 型边设计，实现相邻板间完美连接。 3 、可防潮、防霉、防火、耐酸碱、防静电。具抗氧化性，不易生锈。 4、表面漆膜无色差，光滑，不聚尘，易保养 5、施工迅速，缩短工期，拆卸方便，可重复使用。 6、广泛应用于计算机中心机房、监控室、控制室及洁净化厂房。 【机房墙板产品优点】 1、屏蔽墙板能更好的隔离噪音，金属面夹心板隔音率可达48dB，隔音效果更明显，为不可多得的机房隔音材料； 2、机房墙板的抗震压性能好，经建筑综合实验所抗冲击实验严格测试后，测得产品抗冲击值为180kgf/㎡； 3、机房墙板在工厂剪裁、现场安装方便快捷，有效地避免了对环境造成损害，在维修保护水电线路、空调管线、电源插座、电话接线等方面，隔音可拆墙板起到了方便快捷、安全可靠的作用； 4、机房墙板的防静电性能强，防静电墙板表面抵的抗值为10的5~8次方欧姆，使得电荷衰减时间在1秒以下，确保了防静电墙板防静电性能，提供了用户安全可靠的使用屏障；另外，双大机房墙板属于轻质隔墙类型，建筑载荷小而且坚固、满足现代建筑装饰要求。 5、机房金属墙板墙体内设夹层可配管、配线，综合造价合理。并且机房专用墙板的墙体厚薄可自由选择，增加建筑使用面积；而且隔音可拆墙板具有空间划分灵活、可重复使用的特点，便于用户日后的维修、更换、改建等工程的实施，使用户节约成本；机房墙板具有环保、节约资源、高效的特点，并且较小的影响用户的工作和生活。施工完成后，机房美观、清洁、舒适，现场完工即可迁入，不污染环境。 【机房墙板 产品标准 】 * 导电系数表面抵抗值105-8电荷减弱1秒以下 * 隔音性能组合成双面墙可达45dB * 质量保证符合企业标准Q/320583 FQKS 003-2009 * 防火性能符合国家防火GB8624-1997《建筑材料燃烧性能分析方法》 * 符合国家防火GB/T8625-2005《建筑材料难燃烧性实验方法》 * 符合国家防火GB/T8627-1999《建筑材料燃烧或分解的烟密度实验方法》 【机房墙板技术要求】 1、按照GB8624-2006判定达到A1（不燃性）级；满足GB50174-2008《电子信息系统机房设计规范》中对电子计算机机房墙面材料的要求。 2、表面材：具备良好的抗氧化性能和焊接性能。 3、涂装工艺：采用全自动高压静电超高速旋转雾状喷涂技术，涂装前进行脱脂、磷化处理；涂层均匀、附着力强。   机房墙板在安装过程中应注意以下几点： 1．机房墙板在安装过程中，均应使用专用工具，施工人员应在施工前检查工具是否完备齐全，具体需要检查的内容工作是主材料和配件是否齐全不缺并且是否完好可使用，对专用测量工具应定制并且经检制定好，如果未达到使用要求则应及时更换和维修。    2．在安装之前，应先明确施工范围，并且检查现场条件是否符合设计施工图中的墙体安装要求，以及防火防尘静电屏蔽技术等是否符合使用条件和相关规定，需要参照的以下几个方面：  （1）墙面、作业面与轴线之间的距离；  （2）对照参考面找出控制点的间距与位置，注意通视性；  （3）对照参考面找出安装角的间距；  （4）与控制标高之间的水平差；  （5）与建筑物竖向的间距及与各楼层的间距。  
OA500网络地板,OA网络地板 产品介绍： OA500网络架空地板采用钢板经拉伸成型、点焊、外表经防锈处理后进行静电粉末喷涂处理，内腔填充发泡水泥，四角带有角锁孔。支架为冷轧带钢钢板及铸铝合金铝头组成，可调节升降高度。由于智能化楼宇配线复杂，功能齐全，故出线口较多。  该地板可以选配带出线口的配置，可根据要求任意添加线槽布线更具灵活性。此地板可以将强、弱电分开隔离，同时也便于检修。安装采用无梁角锁，具有牢靠、稳定、调平、简便之特点。   1、地板尺寸精度、互换性好、易安装、维修方便； 2、表面静电喷涂处理、耐磨腐蚀性能佳使用寿命长； 3、四角固定、防止地板滑移、脚感舒适； 4、出线口模具成型、配线容易、地插安装更方便； 5、拆装方便、可重复利用； 写字楼及智能化办公环境，OA教室，防尘防水及需要架空的场所。一般与防静电方块地毯配套使用。 OA网络地板 技术参数: 型号 				规格 (mm) 集中荷载 挠度＝2mm 集中荷载 				均布荷载 				（N/M ）  备注 ib 				N 				kg 				ib 				N 				kg 				FS800 				YC501 				500×500 				×28 				800 				3560 				360 				2398 				10670 				1090 				18140 标准型 FS1000 				1000 				4450 				450 				3000 				13350 				1360 				23000 				FS1250 				1250 				5560 				560 				3750 				16680 				1700 				33000 				FS800 				YC502 				500×500 				×28 				800 				3560 				360 				2398 				10670 				1090 				18140 双走线口 FS1000 				1000 				4450 				450 				3000 				13350 				1360 				23000 				FS1250 				1250 				5560   				560 				3750 				16680 				1700 				33000
OA600网络地板,OA网络地板产品介绍：  OA600网络架空地板采用钢板经拉伸成型、点焊、外表经防锈处理后进行静电粉末喷涂处理，内腔填充发泡水泥，四角带有角锁孔。支架为冷轧带钢钢板及铸铝合金铝头组成，可调节升降高度。由于智能化楼宇配线复杂，功能齐全，故出线口较多。 OA600 智能化网络全钢高架活动地板结构特点与OA500系列相同，但单块地板面积更大，铺设更方便，下部支架间距较OA500地板更大，能容纳较多的管线。在写字楼、计算机房、防尘、防水及需架空的场合均适合使用，表面一般铺设防静电方块地毯。  该地板可以选配带出线口的配置，可根据要求任意添加线槽布线更具灵活性。此地板可以将强、弱电分开隔离，同时也便于检修。安装采用无梁角锁，具有牢靠、稳定、调平、简便之特点。    1、地板尺寸精度、互换性好、易安装、维修方便；  2、表面静电喷涂处理、耐磨腐蚀性能使用寿命长；  3、四角固定、防止地板滑移、脚感舒服；  4、出线口模具成型、配线容易、地插安装更方便；  5、拆装方便、可重复利用； OA600系列和OA500系列结构特点相同，但单块地板面积更大，能承受更大的荷载，适合于有较重设备的场所，如变配电所，电子仪器设备较多的车间等。 OA 网络地板适用场所 写字楼及智能化办公环境， OA 教室，防尘防水及需要架空的场所。一般与防静电方块地毯配套使用。 OA600 网络地板 型号 				规格 (mm) 集中荷载 挠度＝2mm 集中荷载 				均布荷载 				（N/M ）  备注 ib 				N 				kg 				ib 				N 				kg 				FS800 				YC600 				600×600 				×33 				800 				3560 				360 				2398 				10670 				1090 				18140 标准型 FS1000 				1000 				4450 				450 				3000 				13350 				1360 				23000 				FS1250 				1250 				5560 				560 				3750 				16680 				1700 				33000
硫酸钙网络地板,： “远川”牌硫酸钙网络地板采用硫酸钙为基材，板芯六面均用镀锌板包合而成，地板不易受潮，不易变形，耐燃烧时间更长，使用寿命长，安装好的地板下面形成通路，方便下面地板走线，线路检修。地板无需除油磷化喷塑，平整度好、边不反翘，环保、强度大，密封性及稳定性好。 1、强度高、平整、防火不燃A级，水浸泡不变形。 2、用镀锌板六面包合而成，降噪音。 3、装饰面层根据用户的喜好和应用可以个性化定制。 4、镀锌钢板、保护板芯、增加承重。 5、可随意搬移、互换、完全符合经济效益。 写字楼及智能化办公环境，OA教室，防尘防水及需要架空的场所。一般与防静电方块地毯配套使用。 				型号 				规格（mm） 				集中荷载 挠度=2mm 集中荷载 				均布荷载（N/㎡） Ib 				N 				Kg 				Ib 				N 				Kg 标准 				标准 FS1000 				B 				600*600*30 				1000 				4450 				450 				4450 				13350 				1360 				23000 				FS1250 				Z 				600*600*30 				1250 				5560 				560 				3750 				16680 				1700 				33000 				FS1500 				CZ 				600*600*32 				1500 				6670 				680 				5100 				22680 				2310 				44900
线槽网络地板,1、 结构特点： 四角独立支承结构，扣槽式线槽盖板，地板采用优质钢板经拉深成型、点焊、喷塑、内腔填充发泡水泥填料，支座为镀锌结构，高度可调并能自锁。  主要组件有：地板块、边盖板、角盖板、角底版、支架。  主要可选配件有：地插座、线槽、出线口。 ：  ★超低安装高度，地板调节高度范围为35mm-150mm，节省楼层高度。 ★棋盘式布线、维修方便。 ★模块化线槽，拼装方便，投资小。 ★揭开四通八达的线槽盖板即可进行综合布线，不需揭开地板。 ★地插座安装方便，只需揭开边盖板即可放置，不用切割地板。 ★每块盖板均设出线口，可随意出线。  ： ★初投资性比：衡量一个建筑产品的初投资性能不在于投资的大小，而在于若干年以后仍能保持建筑产品的先进性。即该多功能网络地板若干年布线、扩容、维护、更改设计时均不需要重新投资线槽。 ★性能比：办公使用中增加信息点、点位移动、位置变更、家具移位均能方便自如的进行综合网络布线。均预留50%以上的布线扩展空间，为今后的信息发展奠定了扎实的基础。 ★提高楼宇的档次：超低多功能网络架空活动地板是唯一与网络综合布线的发展需求同步发展的网络地板，其功能性和实用性方面超越了目前市场上任何一种活动地板，大大提高了办公效率、布线效率，大大降低了物业管理运行成本，从而提高了5A级办公楼宇的档次，同样提高了大楼的出租率和出售率。 ★适用场所：   适用于5A级智能化楼宇、5A级写字楼、机房、教学楼及有架空要求、网络综合布线的场合，更适合于旧办公楼综合布线的地面改造。 产品技术参数：
GRC网络地板,"无机质网络地板 产品说明：   无机质网络地板是由硅酸盐、无机纤维、矿物纤维、石英砂等材料经过高压一次成型的环保地板，每块地板自带穿线孔。地板四角镀锌底座支撑，不带横梁系统。每块地板四角有90度圆弧，四块板组合而成后形成一个圆，有一个铁制螺母压角固定。  地板规格：500*500*25mm      无机质硅酸盐有相当好的阻隔热效果，是不燃烧固体。当地板一面加以600℃的火焰强度传递至另一面需要1H的时间。有足够的时间来逃生或抢救财产。无机质硅酸盐具有不溶于水的特点，若出现漏水等情况该地板在完全被泡在水里的情况下仍不影响地板质量，完全可以使用。无机质地板经过测试在挠度3MM时，承载能力可达到430KG，无机质网络地板主材类似，所以其使用寿命与建筑物等同。 本产品由我公司从韩国引进技术结合国内用户的需求，改良了传统型地板的缺点后研发出来的一次成型新一代绿色环保网络地板，该地板无任何挥发性有毒物质及辐射、可以完全被分解、中心荷载在扰度3mm时大于450公斤，使用年限与楼宇相同，该地板使用本公司结构安装。 无机质网络地板  名称：YC-GRC500无机质网络活动地板    商标：“远川”牌  型号：YC.500.25      地板规格：500×500×25mm，  地板铺设高度：地面至地板面的总铺高为40mm-350mm 地板系统重量：48kg/㎡  符合标准：SJ/T10796－2001技术要求，韩国KS标准的技术要求、日本JIS技术要求，并通过LEED绿色建材产品认证。   无机质网络地板  尺寸：板幅偏离差：0/－0.4mm；  板厚偏离差：±0.3mm 表面平面度：≤0.6 mm 相邻边垂直度：≤0.3 mm    产品     静载荷：中心荷载4.5 KN   弹性变形≤2.0mm  变形≤0.25mm      均布荷载：≥50 KN/m2 (挠度≤ 2 mm)      荷载：≥15000N      冲击荷载：将不小于30Kg沙袋，在0.5m的高度落在板面面板上时，落点处表面无开裂；     滚动荷载：3000N，滚动10000次，挠度≤ 2 mm，变形≤0. 25mm。     支架荷载：＞20KN，荷载20KN保持1分钟支架应完好如初。外观：金属件表面防锈层无脱落，无明显疵点。   无机质网络地板 4.1、 结构  无机质网络地板是由硅酸盐、无机纤维、矿物纤维、石英砂等材料经过高压一次成型的环保地板，每块地板自带穿线孔。  地板四角镀锌底座支承，不带横梁系统。每块地板四角有90°圆弧，四块板组合而成后形成一个圆，有一个铝制螺母压角固定。  铝头上配有圆形缓冲定位橡胶垫，防止地板受力后颤动引起的响声。支架高度可调±25mm。     4.2、特点：   防火、防水、承载力大、寿命长。  4.2.1 无机质硅酸盐有相当好的阻隔热效果，是不燃烧固体。当地板一面加以600℃的火焰强度传递至另一面需要1H的时间。有足够的时间来逃生或抢救财产。  4.2.2 无机质硅酸盐具有不溶于水的特点，若出现漏水等情况该地板在完全被泡在水里的情况下仍不影响地板质量，完全可以使用。  4.2.3 无机质地板经过测试在挠度3mm时，承载能力可达到430KG，而国标（钢板厚度0.8mm*0.8mm）钢质网络地板也只能达到300KG。  4.2.4 无机质网络地板主材与大楼主材类似，所以其使用寿命与建筑物等同。      无机质网络地板 5.1 无机质网络地板每块板自带出线孔。若工位下出线量不多无需在地板表面开孔，直接在自带出线孔上引出即可。若出线量大可用一次模压成型的出线口板替换，无需在楼层交付后切割地板，造成环境污染。 5.2 无机质网络地板安装后平整度高，无发软的感觉，其表面铺设材料可用强化地板、PVC、方块地毯等，而普通钢质网络地板表面只能铺设方块地毯。 5.3 无机质网络地板表面与内在使用同质材料，不怕硬物、金属物体在表面划、磨，一旦出现损伤可随时修复，故该地板适合交叉施工。 5.4 无机质网络在铺装时切割边不会有生锈、腐蚀的现象出现，该地板适应海洋性环境和有暖气片的房间内使用。   无机质网络地板 型号Type 规格Size（mm） 				中心集中荷载 挠度=2mm Concentrated Load Deflection =2mm（Center） 				边部集中荷载 挠度=2.5mm Concentrated Load Deflection =2.5mm（Edge） 				荷载N Did not collapse 冲击荷载N 30公斤沙袋，高度50CM Impact load test 30KG sand bag,H=50cm 				YC500.3000N 				500*500*25 				3000N 				3000N 				9000N 无裂痕无凹陷without collapse 				YC500.5000N 				500*500*25 				5000N 				5000N 				15000N 全钢网络地板，硫酸钙网络地板和无机质网络地板的综合比较 				地板种类 				全钢网络地板 				无机质网络地板 				硫酸钙网络地板 				内容 				设计和使用 				美国/日本 				日本/韩国 				德国 				产品实样 				机械性能比较 				集中载荷360kg 集中载荷450kg 集中载荷450kg 智能化网络接口 				缺口地板，带插座地板                   （插座表面可贴地毯） 				缺口地板，带插座地板                  （插座表面可贴地毯） 				无，需施工现场切割及开孔 				防火性能比较 A1n级，遇高温导热快 A1n级，遇高温导热缓慢，简单理解为火烧砂锅的导热远低于火烧铁锅的速度 A1n级，由于四周包镀锌钢板而导致遇高温导热快 				防水性能比较 				地板表面防水，切割边易生锈 				完全防水 				多次清洗地毯后镀锌钢板极易氧化，生锈 				环保认证 				无 				有 				有 				价格比较 				低于硫酸钙 				低于硫酸钙 				较高 				交叉施工 				地板表面易划痕，生锈 				交叉施工无任何影响地板可泡在水里 				交叉施工易划痕，氧化 				地板配方 				上，下钢板喷塑中间填充发泡水泥 				纤维，硅酸盐，中间增强钢筋网格 				脱硫石膏，上，下0.5mm镀锌板 				地板脚感 				水泥与钢板脱接造成地板有声音 				地板稳实，接近实地脚感 				地板稳实，易滑 				资源回收 				无法回收 				地板可以回收 				地板可以回收 				甲醛检测 符合国标：GB18580-2001-E1级 				符合国标：GB18580-2001-E1级 				产品类别 				普通类网络地板 1节能，环保型产品 				节能，环保型占比例产品 				产品自重 9公斤/块 12公斤/块 17公斤/块 				线槽功能 				地板四周可根据需要安装线槽 地板自带穿线孔无需安装线槽 				地板不具备线槽安装功能 安装高度范围 				地面到板面低5公分 				地面到板面低3.5公分节约楼层净高 				地面到板面低6公分 				信息产业部检测报告 				有 				有 				有 				建筑材料放射性核素限量 符合国标：GB6566-2001-A类 				符合国标：GB6566-2001-A类 				燃烧性能 GB8624-2006-A1n级 				符合国标：GB8624-97-A级 				符合国标：GB8624-97-A级 				隔音检测 符合国标：GBJ75-1984 符合国标：GBJ75-1984 缺点 				使用寿命短（10年左右） 				产品 				未掌握国外配方核心技术 				质量不稳定易出现脱胶、变形等现象。  "
全钢通风地板,"【全钢通风地板概述】 通风板结构组成与防静电全钢通路活动地板类似,但内腔是空的,无发泡填料,地板上下钢板和上表面贴面均冲制有通风孔。通风活动地板与全钢通路活动地板配套使用，用于地板下部有通风要求的场所，地板通风率为17%－50%。 【全钢通风地板技术参数】 HDG600 型防静电地板 / 通风板技术参数 型号 规格（ mm ） 集中荷载 挠度 =2mm 极限荷载 均布荷载      （ N/ ㎡） LB N Kg LB N Kg YC-800 HDG6035.Q 600*600*35 800 3560 360 2398 10670 1090 18140 YC-1000 HDG6035.B 600*600*35 1000 4450 450 3000 13350 1360 23000 YC-1250 HDG6035.Z 600*600*35 1250 5560 560 3750 16680 1700 33000 YC-1500 HDG6035.CZ 600*600*35 1500 6670 680 5100 22680 2310 44900"
PP网络地板,"一   又称平铺轻型塑胶通路活动地板,塑胶网络地板等. 运用高分子材料制成，绿色环保，性能稳定，寿命长，承载力高，超级阻燃，受潮不变形，且有防静电、防噪音、防潮、阻燃性强、安装方便、产品自重小、布线量大、负载能力强等优点。 PP网络地板产品说明 HDS250塑料架空网络活动地板采用了PP复合树脂材料，强度高，自重轻，布置灵活，切割方便，施工方便。集中载荷能达达到2000牛顿。极限载荷能达到4000牛顿。PVC地板和丙伦地毯，羊毛地毯等均能铺在该网络地板上。 HDS250塑料架空网络活动地板采用了PP复合树脂材料，强度高，自重轻，布置灵活，切割方便，施工方便。集中载荷能达达到2000牛顿。极限载荷能达到4000牛顿。PVC地板和丙伦地毯，羊毛地毯等均能铺在该网络地板上。 HDS250塑料架空网络活动地板采用了PP复合树脂材料，强度高，自重轻，布置灵活，切割方便，施工方便。集中载荷能达达到2000牛顿。极限载荷能达到4000牛顿。PVC地板和丙伦地毯，羊毛地毯等均能铺在该网络地板上。 HDS250塑料架空网络活动地板采用了PP复合树脂材料，强度高，自重轻，布置灵活，切割方便，施工方便。集中载荷能达达到2000牛顿。极限载荷能达到4000牛顿。PVC地板和丙伦地毯，羊毛地毯等均能铺在该网络地板上。  抗压力  高  等级  优质  耐磨性  好  板片光洁度  好  地板厚度  50-95  规格  250*250*50,70,95  平整度  好  使用范围  办公楼，智能布线场合。  品牌  远川  特殊用途  防静电   PP网络地板 产品特点： １，轻量化设计，阻燃 ２，布线方便，省时，省力 ３，安装铺设便捷，成本低   适应于新楼建设和旧楼改造，满足现代办公室大开间办公的动态要求，组装中自然形成网状线槽，可随意设置出线口可快速的重新布局。产品自重小，穿线量高，运用高分子材料，高度低，仅 5-7cm ，有效解决了传统布线方式难题。性能稳定，寿命长，承载力高，超级阻燃，受潮不变形。 PP 网络地板性能特点： 平铺型塑料网络地板是本厂开发的一种新型地面材料，是为了方便现代化办公楼面的任意走线、动态扩充线路而设计的一种地面材料，解决了传统布线的许多难题。该产品设计精巧，组装灵活，铺装效果极佳。特别适用于现代智能楼宇的大开间办公楼层。一般与防静电地毯（需另购）配套使用。产品结合国内实际情况，且有防静电、防噪音、防潮、阻燃性强、安装方便、产品自重小、布线量大、负载能力强等优点。 PP 网络地板产品参数： 商品名 规格 尺寸 材质 集中荷重 破坏荷重 自由组合网络地板 250-2KN/Q 250*250*50 PP复合树脂 2000N变位量3.0mm以内 4000N以上  "
玻璃地板,【产品介绍】 由钢化玻璃制成，采用高强度玻璃制成的透明地板，主要原料是二氧化硅，二氧化硅在自然界中教常见，与其他相比较玻璃的成本价格较高。  【产品应用】 适用于5A级智能化楼宇、5A级写字楼、机房、教学楼及有架空要求、网络综合布线的场合，更适合于旧办公楼综合布线的地面改造。 【功能特点】 1.方便实用、该地板透明度高，可以方便机房维护者观察到地板下面部的情况如线缆接口、仪器表、有无渗水及其它故障，可提前消除隐患 2.绿色环保，防水、防火。 3.整合性高。，该地板可与所有防静电地板进行无缝整合不受尺寸的限制 4.强度高承重能力强。该地板采用乳化钢技术-次性钢化成形， 可承载约1吨的重量 5.地板下大量的空位，以便安装强弱电及管道设施。
PVC防静电地板,"直铺式永久性防静电PVC地板是以聚氯乙烯树脂为主体，加入导电材料、稳定剂、增塑剂、及色料等辅料，经特殊加工工艺制作而成。永久性防静电塑料地板利用粒子界面网形成的导静电网络，使其具有永久性防静电功能，具有较好的装饰效果，该产品主要用于电子计算机房，净化室，程控交换机房、电子仪器制造业，微电子工业的生产厂房、无菌室、中央控制室等生产场所要求净化、防静电的地面装饰。在银行，邮电、铁路、交通、医药、微电子工业，电子仪器行业等领域中得到广泛应用。 下列产品规格为：600×600×2.0-3.0mm    YC-816 主要技术指标： 项目 标准 指标 体积电阻 表面电阻 SJ/T11236-2001 导静电型：1×106     静电耗散型：106～109 静电电压衰减期 GJB2605－1996 ±5000－±500V小于2S 磨耗量 SJ/T11236-2001 0.02g/cm2 燃烧性能 SJ/T11236-2001 FV-0(小于10S) 起电电压 SJ/T10694-1996 |v|<100v 耐腐蚀 耐弱酸，弱碱   产品技术参数： 项　　目 测试方法 导电／泻静电 尺　　寸 ASTM-F-386 300×300,600×600,800×800 厚　　度 ASTM-F-386 1.0,1.2,1.5,(板面使用) 2.0,2.5,3.0,(地面使用) 系统电阻 ESD7.1 1×10 ～1×10 Ω    1×10 ～1×10 Ω 静电泄放时间 Federal Tm101B 小于0.25秒 起电电压 AATCC134 小于100V 磨 耗 量 ASTMD 4060 0.02g/cm 阻 燃 性 不燃 使用年限 10-15年 维护与保养： 1.严禁带钉的鞋子在地板上行走。 2.严禁硬物、硬件在地板上划刻，特别是设备运输路线及安装设备的周围要衬垫胶合板，以防地板划伤和油迹污染。 3.搬运机器设备时严禁机器设备在地板上拖擦。 4.严禁用带腐蚀的溶剂擦洗地板表面。 5.生产工作区域应穿专用鞋或脚套进入工作区，严禁粉尘进入工作场所。 6.严禁渗透性强的油墨、机械油污染地板表面。 7.生产场所小车选用的轮胎尽量避免易脱色的黑胶轮胎，建议采用尼龙类的轮胎。 8.地板表面确有污染，用汽油、洗洁净、去污粉清洁地板表面，然后表面上防静电蜡打光处理。 9.该地板一般一年清洗一次，然后再上防静电蜡打光保养处理。 产品安装图解： 安装附件：1. 导电胶    2. 铜箔    3. 焊条  产品优点：  PVC地板中含有均匀的导电材料，具有永久导电的性能。   防火、防腐蚀。   规格统一，颜色持久。  地板参数 项目 系统电阻 全衰期 加热尺寸变化率 耐磨性能 防火性能 起电电压 标准依据 SJ/T11236-2001  GJB2605-1996    5000V-500V GB4085-83 SJ/T11236-2001  SJ/T11236-2001    FV-0 SJ/T11236-2001 质量指标 104-106 导电性 ≤2秒 ≤0.30％ ≤0.020g/cm2 ≤2秒 IVI＜100V"
PVC塑胶地板,"塑胶地板 塑胶地板是PVC地板的另一种叫法。主要成分为聚氯乙烯材料，PVC地板可以做成两种，一种是同质透心的，就是从底到面的花纹材质都是一样的。 还有一种是复合式的，就是最上面一层是纯PVC透明层，下面加上印花层和发泡层。 PVC地板由于其花色丰富，色彩多样而被广泛用于居家和商业的各方面。 塑胶地板是一个广泛的称谓。网络上有多种说法，应该说都不是十分准确，塑胶地板是当今世界上非常流行的一种新型轻体地面装饰材料，也称为“轻体地材”。 是一种在欧美及亚洲的日韩广受欢迎的产品，风靡国外，从80年代初开始进入中国市场，至今在国内的大中城市已经得到普遍的认可，使用非常广泛，比如室内家庭、医院、学校、办公楼、工厂、公共场所、超市、商业、体育场馆等各种场所。 中文名： 塑胶地板       外文名： Plastic floor      别    称： PVC地板 主要成分： 聚氯乙烯，含乙烯基的复合材料等 分    类： 同质透心、复合式 结构 “塑胶地板”是一个很宽泛的词，本来“塑胶地板”是专指采用聚氨酯（又叫PU）材料生产的地板，这种地板多适合室内外运动场地的铺设使用。国内对于“塑胶地板”这个词的理解完全是相反的，大家经常提及的“塑胶地板”指的是用在室内 的PVC地板。 那先解释一下什么是PVC地板。 {PVC（聚氯乙烯） ，其单体的结构简式为CH2=CHCl，碳原子为锯齿形排列，所有原子均以σ键相连。所有碳原子均为sp3杂化。} 材料特性 密度： 1380 Kg/m³ Vicat B1： 85℃ 杨氏弹性模量(E)： 2900-3400 MPa 导热率 (λ)： 0.16 W/m.K 拉伸强度(σt)： 50-80 MPa 热膨胀系数 (α)： 8 10-5 /K Elongation @ break： 20-40% 热容 (c)： 0.9 kJ/(kg·K) Notch test： 2-5 kJ/m² 吸水率 (ASTM)： 0.04-0.4 玻璃转变温度： 87℃ Price： 0.5-1.25 €/kg 熔点： 212℃ 类别 （1）从形态上分为卷材地板和片材地板2种；所谓 卷材地板 就是质地较为柔软的一卷一卷的地板，一般其宽度有1.5米、1.83米、2米、3米、4米、5米等，每卷长度有7.5米、15米、20米、25米等，总厚度有1.6mm-3.2mm（仅限商用地板， 运动地板 更厚可达4mm、5mm、6mm等）。片材地板的规格较多，主要分为条形材和方形材。 （2）从结构上分主要有复合体型和同质体型2种，另外还有一种是半同质体型；所谓复合型PVC地板就是说它是有 多层结构 的，复合体型卷材一般是由4~5层结构叠压而成，一般有耐磨层(含UV处理)、印花膜层、 玻璃纤维 层、弹性发泡层、基层等。复合体型片材一般是由3-4层结构叠压而成，一般有耐磨层（含UV处理）、印花膜层、稳定层，基层。同质体PVC地板不管是卷材还是片材，都是上下同质的，即从面到底，从上到下，都是同一种材质，同一种花色。 ◆条形材的规格主要有： 4""×36"" (101.6mm×914.4mm) 6""×36"" (152.4mm×914.4mm) 8""×36"" (203.2mm×914.4mm)，厚度: 1.2mm-3.0mm 。 ◆方形材的规格主要有： 12""×12""(304.8mm×304.8mm) 18""×18"" (457.2mm×457.2mm) 24""×24"" (609.6mm×609.6mm) 厚度:1.2mm-3.0mm 。 （3）从耐磨程度上分为通用型和耐用型2种。国内主要生产和使用的都是通用型PVC地板，一些人流量非常大的场所比如机场、 火车站 等需要铺设耐用型PVC地板，其耐磨程度更强，使用寿命更长，同时价格也更高昂。 （4）从使用场所上来分，主要有： 教育系统（包括学校、培训中心、幼儿园等） 医疗系统 （包括医院、实验室、制药厂、疗养院等） 商业系统 （包括商场、超市、宾馆、娱乐休闲中心、餐饮业、专卖店等） 体育系统（体育场馆、活动中心等） 办公系统（办公楼、会议室等） 工业系统（工厂厂房、仓库等） 交通系统（机场、火车站、汽车站、码头等） 家居系统 （家庭室内客厅、卧室、厨房、阳台、书房等） 上面介绍完了PVC地板，回过头来我们接着说“塑胶地板”，我们说通常我们所说的“塑胶地板”主要是指的是室内使用的PVC地板，不同的人有不同的理解，归纳一下主要有： ◆ 认为“塑胶地板”就是PVC地板包括片材和卷材； ◆ 认为“塑胶地板”就是 塑胶运动地板 ； ◆ 认为“塑胶地板”就是PVC卷材地板 ◆ 认为“塑胶地板”就是PVC地板、亚麻地板、 橡胶地板 的合称。 应该讲概念比较模糊，其实“塑胶地板”这个名称是不规范的，正规的叫法应该是“PVC地板”，只要是由聚氯乙烯材料制成的地板就是“PVC地板”。大家对于“PVC地板”的叫法也有很多，比如塑 胶地板 、PVC塑胶地板、PVC运动地板、胶地板、 塑料地板 、地板革、地胶、 石塑地板 、石塑地砖等。 特性 绿色环保 生产PVC地板的主要原料是聚氯乙烯，聚氯乙烯是环保无毒的可再生资源，它早已大量的使用在人们的日常生活中，比如餐具、医用的输液管袋等，其环保性是无需担忧的。其中石塑地 板（片材）主要成分是天然石粉，经国家权威部门检测不含任何放射性元素，更是绿色环保的新型地面装饰材料。任何合格的PVC地板都需要经过IS09000国际质量体系认证以及ISO14001国际绿色环保认证。 超轻超薄 PVC地板只有2－3mm厚度，每平米重量约仅2－3KG，不足普通地面材料的10%。在高层建筑中对于楼体承重和空间节约，有着无可比拟的优势。同时在旧楼改造中有着特殊的优势。 超强耐磨 PVC地板表面有一层特殊的经高科技加工的透明耐磨层，其耐磨转数可达300000转。在传统的地面材料中较为耐磨的 强化木地板 耐磨转数仅有13000转，好的 强化地板 也仅有20000转。表面特殊处理的超强耐磨层充分保证了地面材料的优异的耐磨性能，PVC地板表面的耐磨层根据厚度的不同在正常情况下可使用5—10年，耐磨层的厚度及质量直接决定了PVC地板的使用时间，标准测试结果显示0.55mm厚的耐磨层地面可以在正常情况下使用5年以上，0.7mm厚的耐磨层地面足以使用10年以上，所以更是超强耐磨的。因为具有超强的耐磨性，所以在人流量较大的医院、学校、办公楼、商场、超市、交通工具等场所，PVC地板越来越受到欢迎。 超强抗冲击 PVC地板质地较软所以弹性很好，在重物的冲击下有着良好的弹性恢复，卷材地板质地柔软弹性更佳，其脚感舒适被称之为“地材软黄金”，同时PVC地板具有很强的抗冲击性，对于重物冲击破坏有很强的弹性恢复，不会造成损坏。优异的PVC地板能最大限度的降低地面对人体的伤害，并可以分散对足部的冲击，最新研究数据表明，在人流量较大的空间铺装了优异的PVC地板后，其人员摔倒及受伤的比率较其它地板减少了近70%。 超强防滑 PVC地板表层的耐磨层有特殊的防滑性，而且与普通的地面材料相比，PVC地板在粘水的情况下脚感更涩，更不容易滑到，即越遇水越涩。也因此，所以在公共安全要求较高的公共场所如机场、医院、幼儿园、学校等是首选的地面装饰材料，在中国已经非常普及。 防火阻燃 质量合格的PVC地板防火指标可达B1级，B1级也就是说防火性能非常出色，仅次于石材。PVC地板本身不会燃烧并且能阻止燃烧；高品质的PVC地板在被动点燃时所产生的烟雾也绝对不会对人体产生伤害，不会产生致息性的有毒有害气体（据安全部门提供的数字：在火灾中95%受到伤害的人是由于燃烧时产生的有毒害的烟雾及气体所至）。 防水防潮 PVC地板由于主要成分是乙烯基树脂，和水无亲和力，所以其自然不怕水，只要不是长期的被浸泡就不会受损；并且不会因为湿度大而发生霉变。 吸音防噪 PVC地板有普通地面材料无法相比吸音效果，其吸音可达20分贝，所以在需要安静的环境如医院病房、学校图书馆、报告厅、影剧院等选PVC地板，您再也不需要为 高跟鞋 与地面敲击的声响影响您的思维而烦恼了，PVC地板能够为您提供更为舒适、更加人性化的生活环境。 抗菌性能 PVC地板表面经过特殊的抗菌处理，对绝大多数细菌都有较强的杀灭能力和抑制细菌繁殖的能力。 无缝焊接 特殊花色的PVC片材地板经严格的施工安装，其接缝非常小，远观几乎看不见接缝；PVC卷材地板用无缝焊接技术可以达到完全无缝，这是普通地板无法做到的，也因此可以将地面的整体效果及视觉效果得到最大限度的优化；在对地面整体效果要求较高的环境如办公室，以及对杀菌消毒要求高的环境如医院手术室等PVC地板是最理想的选择。 拼接简单 用较好的美工刀就好可以任意裁剪，同时可以用不同花色的材料组合，充分发挥设计师的聪明才智，达到最理想的装饰效果；足以使你的地面成为一个艺术品，使你的生活空间成为一座艺术的殿堂，充满艺术气息。 安装施工快捷 PVC地板的安装施工非常快捷，不用水泥砂浆，地面条件好的用专用 环保地板 胶粘合，24小时后就可以使用。 花色品种繁多 PVC地板的花色品种繁多，如地毯纹、石纹、木地板纹等，甚至可以实现个性化订制。纹路逼真美观，配以丰富多彩的附料和装饰条，能组合出绝美的装饰效果。 耐酸碱腐蚀 经权威机构检验，PVC地板具有较强的耐酸碱腐蚀的性能，可以经受恶劣环境的考验，非常适合在医院、实验室、研究所等地方使用。 导热保暖 PVC地板的导热性能良好，散热均匀，且热膨胀系数小，比较稳定。在欧美以及日韩等国家和地区，PVC地板是 地暖 导热地板的首选产品，非常适合家庭铺装，尤其是我国北方寒冷地区。 保养方便 PVC地板的保养非常方便，地面脏了用拖布擦拭即可。如果想保持地板持久光亮的效果，只需定期打蜡维护即可，其维护次数远远低于其他地板。 环保可再生 当今是一个追求可持续发展的时代，新材料新能源层出不穷，PVC地板是唯一能再生利用的地面装饰材料，这对于保护我们的地球自然资源和 生态环境 具有巨大的意义。 国际流行 PVC地板是当今世界各国使用广泛的一种新型地面 装饰材料 ，在 欧美市场 以及亚太市场广受欢迎，在中国也非常普及，发展前景非常广阔。 缺点 序号 内容 1. 施工基础要求高 2. 怕烟头烧伤 3. 怕利器划伤 同质透心PVC地板 4. 耐污性差、必须定期打蜡维护 5. 含一定量的石粉，表面无PVC耐磨层 6. 怕烟头烧伤 7. 质地较硬，脚感不如复合PVC地板柔软 9. 相比复合PVC地板多彩的印花层而言，色彩较为单一，不够多样性 10 防火性不如复合PVC地板 多层复合PVC地板 12. 不具备可修复性，这一点不如透心产品 13. 同样怕烟头灼伤 14. 怕重物滚轮碾压，特别是发泡底的，容易出现凹陷的情况 塑胶地板 21世纪初进入中国市场，在东南沿海及发达城市已经大面积流行。 是软质地板中最常用、最普及的地板。由于塑胶地板优越的性能和对环境的保护在发达国家已经普遍替代了瓷砖和木质地板，成为地面装修材料的首选。 一： 装饰性强——塑胶地板地板有特别多的花色品种如地毯纹、石才纹、木地板纹等，纹路逼真美观，色彩丰富绚丽，裁剪拼接简单容易，充分发挥自己的创意和想象，完全可满足设计师和不同用户、不同装饰风格的个性化需求。且无色差，耐光照、无辐射，长久使用不褪色。 二： 安装施工快捷、维护方便 ——塑胶地板安装施工比较快捷，不用水泥砂浆，24小时后就可使用。易清洁，免维修，不怕水浸、油污、稀酸、碱等化学物质的侵蚀，一般用湿拖布清扫即可，省时省力。安装后无需打蜡，只需一般日常保养便可光洁如新。 三： 环保再生 ——塑胶地板是唯一能再生利用的地面材料对于保护我们的地球自然资源和生态环境更有巨大的意义。 四： 应用广泛——由于塑胶地板独特的材质和超强的性能，加上铺装方便，施工快捷，价格合理，安全性高，被广泛运用于办公室、学校、医院、药厂、运动场所，娱乐场合，购物广场、餐厅、酒店等公共场所和个人家庭。 五： 脚感舒适 ——结构致密的表层和高弹发泡垫层经无缝处理后，承托力强，缓冲重玻璃器皿掉到地上不易碎裂，保证脚感舒适，接近于地毯，非常适合有老年人和孩子的地方使用。而在硬质地材上行走，脚感较差，长时间行走会酸痛和损伤脚骨。 六： 接缝小和无缝焊接——地材采用热熔焊接处理，形成无缝连接，避免地砖缝多和容易受污染的弊病，起到防潮防尘，清洁卫生的效果。特殊花色的块材经严格的施工安装，其接缝非常小，特殊品种远观几乎看不见接缝，在对地面整体效果要求较高的环境如办公室，或者对杀菌消毒要求高的环境如医院手术室等是最理想的选择。 七： 环保安全——塑胶地板使用的主要原料是PVC材料和碳酸钙，PVC材料和碳酸钙均是环保无毒的可再生资源，无毒、无辐射。它早已大量的使用在人们的日常生活中，比如自来水管道、餐具、医用的输液管袋等，是国家极力倡导的绿色产品。 八： 超轻超薄——塑胶地板只有2－3mm厚度，每平米重量仅2－3KG，不足普通地面材料的10%。在高层建筑中对于楼体承重和空间节约，有着无可比拟的优势。同时在旧楼改造中有着特殊的优势。 九： 耐磨、耐刮擦——PVC地板表面有一层特殊的经高科技加工的透明耐磨层，其耐磨转数可达300000转。在传统的地面材料中较为耐磨的强化木地板耐磨转数仅有13000转，好的强化地板也仅有20000转。超强耐磨、抗冲击、不变形、可重复使用、使用寿命一般为20－30年。 十： 高弹性和超强抗冲击——塑胶地板质地较软所以弹性很好，在重物的冲击下有着良好的弹性恢复，最大限度的降低地面对人体的伤害和分散对足部的冲击。所以能大大减少人员的滑到摔伤，同时对于重物冲击破坏也有很强的弹性恢复，不会造成损坏。最新数据表明，优异的塑胶地面在人流量大的空间内摔倒及受伤的比率较其他地面减少了近70%。 十一： 防滑——塑胶地板表层的耐磨层有特殊的防滑性，而且与普通的地面材料相比，PVC地板在粘水的情况下脚感更涩，更不容易滑到。因为超级的防滑性，所以在公共安全要求较高的公共场所如机场、医院、幼儿园等是首选的地面装饰材料。 十二： 防火——塑胶地板可以达到B1级防火，这也是建材防火的最高标准。本身不会燃烧并能阻止燃烧。高品质的PVC地板在被动点燃时所产生的烟雾也绝对不会对人体产生伤害，不会产生窒息性的有毒有害气体。 十三： 防水——塑胶地板由于主要成分是塑胶和碳酸钙，高级玻璃纤维层保证了其尺寸稳定的稳定性，所以自然不怕水，只要不是长期的被浸泡就不会受损，也不会因为湿度大而发生霉变或者受温度和潮湿影响而变形。 十四： 吸音——安静是评价居住、办公、疗养环境优劣的基本指标。PVC地板特有的表层和塑胶发泡垫层经无缝处理后，有普通地面材料无法相比的吸音效果，可充分起到吸音、隔音的功能，能隔绝15db-19dB的噪音，解决了噪音的烦恼。所以在需要安静的环境如医院病房、学校图书馆、报告厅等选用PVC地板，您再也不需要为高跟鞋与地面敲击的声响影响您的思维而烦恼。 十五： 抗菌——塑胶地板表面经过特殊的抗菌处理，PVC地板表面还特殊增加了抗菌剂，对多数细菌都有较强的杀灭能力和抑制细菌繁殖的能力。 区别 同时在此也给大家分析一下关于大家经常迷惑的“PVC地板、塑胶地板、石塑地板、橡胶地板、亚麻地板、 防静电地板 “之间的相互关系和区别。 ◆ “石塑地板”是国内的一种叫法，说的是PVC片材地板，因为PVC片材地板主要原料是天然石粉和天然树脂，因此起名叫“石塑地板”或“石塑地砖”。 ◆ 刚才我们说了，“塑胶地板”和“PVC塑胶地板”其实都是不规范的名称，我们可以将其理解为PVC地板。 ◆ 橡胶地板和PVC地板完全是两个概念，橡胶地板是天然橡胶、合成橡胶和其它成分的高分子材料所制成的地板。天然橡胶是指人工培育的橡胶树采下来的橡胶。丁苯、高苯、顺丁橡胶为合成橡胶，是石油的附产品。以橡胶为主要原料生产的分为均质和非均质的浮雕面、光滑面室内用橡胶地板。均质橡胶地板指以天然橡胶或合成橡胶为基础，颜色、组成一致的单层或多层结构硫化而成的地板；非均质橡胶地板：指地板以天然橡胶或合成橡胶为基础，结构上包括有一耐磨层和其他在组成和(或)设计上不同的压实层构成，压实层包含有骨架层。 橡胶地板一般用于对耐磨性能要求极高的场所，由于价格高昂，市场不是太大。在国内还主要是用在交通领域，比如地铁、飞机、汽车等交通工具，机场、车站等交通枢纽等。 ◆ 亚麻地板和PVC地板也是完全不同的，亚麻地板是弹性地材的一种，它的成分为：亚麻籽油、石灰石、软木、木粉、天然树脂、黄麻。天然环保是亚麻地板最突出的特点，具有良好的耐烟蒂性能。亚麻以卷材为主，是单一的同质透心结构。 ◆ 防静电地板又叫做耗散静电地板。这种地板，当它接地或连接到任何较低电位点时，使电荷能够耗散，以电阻在1.0x10 4 -10 8 Ω之间为特征。防静电地板种类繁多，主要有 防静电陶瓷砖 、三防防静电活动地板、全钢抗静电活动地板、 复合防静电地板 、铝合金防静电地板、仿进口木质防静电地板、 PVC防静电地板 、硫酸钙防静电地板等，其中属于PVC地板范畴的就是防静电PVC地板。 “防静电PVC地板”是在PVC地板的成份里加入了导电的材料做成防静电地板。但这不是简单的加入一些碳粉就可以的，防静电地板在电阻值方面有严格的界分。一般阻值在10 6 次方到10 8 次方间的地板才叫防静电地板，阻值在10 4 次方到10 6 次方间的叫导电地板。防静电地板主要用于机房、特殊病房、精密车间等一些对静电有特殊要求的空间。所以说防静电PVC地板也是PVC地板的一种。但橡胶地板加入一些导电成分也可以防静电。 应用领域 塑胶地板是当今世界上非常流行的一种新型轻体地面装饰材料，也称为“轻体地材”。是一种在欧美及亚洲的日韩广受欢迎的产品，风靡国外，从80年代初开始进入 中国市场，至今在国内的大中城市已经得到普遍的认可，使用非常广泛，比如室内家庭、医院、学校、办公楼、、工厂、公共场所、超市、商业、体育场馆等各种场所。“PVC地板”就是指采用聚氯乙烯材料生产的地板。具体就是以聚氯乙烯及其共聚树脂为主要原料，加入填料、增塑剂、稳定剂、着色剂等辅料，在片状连续基材上，经涂敷工艺或经压延、挤出或挤压工艺生产而成。 主要问题 此外关于PVC地板是否适合家庭铺装的讨论，我们也给与详细的分析与解读：PVC地板在国外流行但在国内尚未流行起来，应该讲原因是多方面的 （1）PVC地板这个名称容易引起人们的误解，提到PVC大家更多想到的是塑料， 很多人还会把PVC地板和PVC管混淆，塑料含有毒物质，对人体有害。但PVC地板和塑料根本不是一回事儿，PVC又可以称之为聚氯乙烯，PVC地板100%不含甲醛、苯这类的有毒物质，更没有辐射，属于绿色环保装修材料，不会对人体造成伤害。也有人担心用来施工的 胶水 会不会含甲醛，应该承认很多不良商家为降低成本，使用的胶水质量不好，多少会含有有毒物质，但知名品牌的厂商施工所用的胶水都是专用胶水，属绿色环保型胶水，不必担心其会释放甲醛等有害物质。 （2）由于PVC地板的独特优势以及巨大的发展前景，很多国内企业也开始涉足PVC地板行业，经过引进设备、技术进而吸收消化研发创新，部分企业在PVC片材和PVC复合卷材方面已经有了长足进步，可以生产出高品质的PVC地板，但总体上来讲PVC卷材生产技术还不够完善，仍需努力。在市面上销售的PVC地板，特别是各地的一些 建材城 等聚集了很多小厂商，他们争夺的主要是低端市场，为迎合消费者把价格压得很低，质量自然得不到保障。也因此造成了质量低劣PVC地板充斥市场的现象，老百姓自然对PVC地板会有误解。为了保障消费者的利益，建议大家还是选用知名品牌的产品，中国有句俗话叫做“便宜没好货，好货不便宜”，还是很有道理的。 （3）PVC地板在国内主要用在工程项目上，很多的厂商只注重大的工程项目，对家装重视不够，这也是PVC地板业界人士需要改进的。厂商在家装的推广上因为各种各样的原因遇到阻力，就不去下力气推广了，自然也就无法促进PVC地板在中国的普及。 （4）国人的观念还比较保守，很多产品都是在国外流行好长时间然后才会被国人接受和认可。任何新事物的发展都会有一个被人接受和认可的过程。加之国人过分追求天然性，追求高档次，误认为只有木地板才是绿色环保对人体无害的，误认为只有铺大理石地板才是高档次的，国人的装修理念真的是有待改变，相信在国人能够正确的了解到PVC地板的优点之后，会更加的认可PVC地板。PVC地板作为木地板和大理石地板的 替代产品 这种潮流是不可阻挡的。 （5）在装修过程中很多装修公司也有谈到一个问题，说PVC地板的施工工艺不了解，专业施工人员匮乏，应该讲这也是一个影响普及的原因吧。其实PVC地板的施工并不是人们想象的那么难，片材的施工比较容易，只是卷材的施工稍微复杂了一些而已，技术人员通过简单的培训还是可以很快掌握施工技术的。在这里要提醒大家了，在选择PVC地板厂商的时候不要只关注地板的质量，施工的质量一样很重要，因为如果施工无法保证质量的话一样会影响地板的使用寿命。建议大家选用 名牌产品 ，一流品质，售后服务也有保证。 维护保养 保养注意事项：笔者在走访PVC地板的用户时，发现很多客户在使用PVC地板中，将PVC地板当做大理石、 瓷砖 使用，在保养中不懂得地板养护知识，因而造成PVC地板破损、污染等问题。我们在使用PVC地板中应该注意什么？ 1、砂石防护：应该在使用PVC地板的房间门口、大厅门口放置一块砂石防护垫子，预防鞋子将砂石带入房间将地板表面划伤； 2、物品搬运防护：在搬运物品时，特别是底部有金属尖锐的物品时，不要在地板上拖拉，以防地板受伤； 3、烟火防护：虽然PVC地板是防火等级为难燃级（B1级）的地板，不代表地板就不会被烟火烧伤，因此人们在使用PVC地板的时候，不要将燃烧的烟头、蚊香、带电的熨斗、高温的金属物品直接放在地板上面，以防造成地板伤害； 4、定期地板保养：PVC地板清洁使用中性清洁剂清洁，不能使用强酸或强碱的清洁剂清洁地面，做好定期清洁维护工作； a、日常维护：使用清洁的九成干的拖把清洁地面，对污染严重的要局部清洁； b、月维护：地面清洁，局部基础受损地面打蜡处理。特别是同质体的PVC地板一般一个月 地板打蜡 一次处理养护； 5、污染处理：PVC地板上沾污的墨水、食品、油腻等应擦去污物，然后用稀释的清洁剂擦洗痕迹，残留的黑色皮鞋印难以清除时可以使用面纱沾松香水擦洗，不可将松香水倒在地板上清洁，擦洗后要补蜡养护； 6、注意事项：地板清洁不能使用清洁球、刀子刮擦，无法用常规方法清洁的污物，咨询有关人士，不可乱使用丙酮、甲苯、等化学药品； 7、化学防护：避免大量的水长时间滞留在地板表面，特别是块材地板、同质体地板，水长时间的浸泡地板，可能会渗入地板下面使 地板胶 溶化失去粘结力，也可能使地板表面的保护蜡水分层造成地板污染，也可能污水渗透进入地板内部造成地板变色（同质体地板）； 8、阳光防护：避免强光直接照射，做好地板放紫外线照射，防止地板变色、褪色。 一、清洁保养的目的 1. 改善外观：及时去除日常使用中所产生的污垢，使 弹性地板 充分展现其非凡外观及自然光泽度。 2. 保护地板：使弹性地板免受意外化学品、烟头痕迹、鞋印、油和水等的侵蚀，将表面的 机械磨损 降至最低限度，使地板本身的耐用性得以充分发挥，从而延长地板的使用寿命。 3. 方便护理：由于弹性地板本身紧密的表面结构和特殊处理，注意日常清洁保养，能使地板更易与护理，延长使用寿命。 二、护理注意事项 1. 应及时清除地面的各种污物。 2. 绝对禁止将地板浸泡在明水中，尽管有些地面采用防水胶隔断水源（如地漏、水房等处），但是长时间的被水浸泡，会严重影响地板的使用寿命。清洗过程中及时用吸水机将污水吸干。 3. 对于人流较多、磨损较大的地方应缩短维护周期，增加高强面蜡的上蜡遍数。 4. 绝对禁止使用坚硬、粗糙的清洁用具（如钢丝球、百洁布等），防止尖锐物体碰撞弹性 地坪 。 5. 强烈推荐在人流量高的公众场所入口放置蹭脚垫，以防止带入污垢砂粒等玷污划伤地材。 三、不同阶段的养护方法： （一）地板铺设完毕后/使用前清洁保养 1.先将地板表面上的灰尘、杂物清除。 2.用擦地机加红色磨片或同类产品低速清洁（用强力通用清洁剂1∶20兑水稀释后加入擦地机内），除去地板表面的保护蜡、油脂、灰尘及其它污垢，用吸水机将污水吸干。 3.用清水过洗、吸干。 4.视需要，上1-2层高强面蜡。 清洁剂：强力通用清洁剂 高强面蜡 工具：磨地机 红色磨片 吸水机 蜡拖 榨水机 （二）日常清洁保养 1.推尘或吸尘器吸尘。（将地拖牵尘剂在地拖上，晾干后进行推尘。） 2.湿拖。（用地板清洁上光剂按 1∶20兑水稀释，用半湿的拖把拖地。）如有需要，也可以用擦地机配合wash & shine 低速清洗。 清洁剂：地拖牵尘剂 地板清洁上光剂 工具：尘推 拖把 （三）定期清洁保养 1.推尘或吸尘器吸尘。 2.地板清洁上光剂按 1∶20兑水稀释，进行拖地或配合高速抛光机加红色磨片进行磨洗。 3.上1-2层高强面蜡。 4. 视需要，可以配合高速抛光机加白色抛光垫抛光处理。 清洁剂:地板清洁上光剂 高强面蜡 工具:尘推 磨地机 红色、白色磨片 吸水机 蜡拖 榨水机 （四）彻底翻新处理 1.推尘或吸尘器吸尘。 2.用强力除蜡水1∶10稀释后均匀涂在地面上，等5—10分钟，用擦地机加红色磨片低速清洁、去蜡。及时用吸水机将污水吸干。 3.用清水过洗、吸干，直到地面不留任何残余清洁剂。 4.视需要，上1-2层高强面蜡。 清洁剂：地板清洁上光剂 高强面蜡 工具：尘推 磨地机 红色、白色磨片 吸水机 蜡拖 榨水机 （五）特殊污垢的处理 1.油污：局部油污，将水性除油剂原液直接倒在毛巾上擦拭；大面积油污，将唯特水性除油剂按1：10稀释后，用擦地机加红色磨片低速清洁。 2.黑胶印：用喷洁保养蜡配合高速抛光机加白色抛光垫抛光处理。对于时间比较长的黑胶印，可以将强力黑胶印去除剂直接倒在毛巾上擦拭处理。 3.胶或口香糖：用专业的强力除胶剂直接倒在毛巾上檫拭去除。 清洁剂：水性除油剂 喷洁保养蜡 强力黑胶印去除剂 强力除胶剂。 PVC运动地板维护方法 运动地板会因鞋印而易留下黑、脏的情况，使得运动场馆承担着沉重及昂贵的维护费用。在生产过程中已经加入的UV网状表面处理。这种技术使得清洁地板时更容易去除鞋印，同时还保护了运动地板的外观并延长了其使用寿命。 我们用特制的橡胶及树脂产品来去除橡胶鞋印及其他出去的脏物。这种化学清洁的方法可以做到有效的清除污垢，同时对地板本身不造成损坏。我们也可以用专业保洁喷雾剂和普通洗洁精配合使用来清洁污垢。 ◆降低维护费用 由于对简单、快速清洁特性的应用，使对运动地板的维护可以在以下几方面做到明显节省： --省时 --省料 --省工 整体卫生处理 面对更高安全要求，运动地板还经过抑菌处理。此种处理应用于整个地板的材料系统，包括发泡材料和表面层。这样就做到了降低人员在任何意外受伤的情况下引起感染的风险。 ◆注意点 清洁地板必须于地板铺设后72小时才可开工。铺设时勿用黑橡胶的滚筒或衬垫，应使用PVC或 聚乙烯 的滚筒或衬垫。 表面 运动场馆 安装说明 机械清洗，（用自洁式清洁器或滚筒式清洗器+红色清洗盘+中性或无碱性洗洁精） 日常清洁 干扫、湿扫 定期清洁（不少于1周1次） 定期鞋印清洁（不少于2月1次） 用鞋印去除剂涂抹脏处5分钟后，用自洁式清洗嚣进行机械清洗+红色清洗盘 安装方式与保养 基层要求： 施工地面基层必须清洁，持久干净，平整，不起沙，不返潮，且没有裂缝。混凝土地面 含水率 不能超过2.5%。 石膏地面含水率不得超过0.5%。地板铺设之前。地坪经除尘之后，即可铺设PVC卷材。如原地面凹凸不平时也可施工2mm左右的 自流平 。如果是非吸收性地面如矿物基层、石材、瓷砖等，直接铺装即可。 注意：如果是地下室等潮湿地面，地坪必须要做防水层以隔离水汽 移动式安装 1.地板与地板之间用厂家配套的专用连接带粘接成一体，地板与地板面不粘接，可以随意将 pvc塑胶地板 卷起或移开，方便省力固定式安装。 2.局部粘接：在地面上以地板的边缘为基准向内刷20cm的胶粘接。 3.满胶粘接：在即将铺设的地面上全部刷胶粘接。 1.铺设地面必须平整，干净。 2.运动地板在铺设之前，必须提前展开平铺在铺设地面24小时以上，且 现场温度 不应低于15℃。地板还原后，切割时两端应多留5cm。粘贴前，将展开的地板反向卷起约一半，然后刮胶铺设—从中间开始—胶水用带 齿的刮刀进行施工。 3.按地板的编号顺序排好，对齐合并，注意铺装过程中要对齐场地线。 4.沿合缝处翻开相邻的两片地板，将厂家配套的专用连接带放在合缝处下侧，在连接带表面刷胶，先把其中一张板粘住一半连接带，然后将另一半粘在剩余的连接带上，将缝隙靠紧即可。 5.建议使用对人体无害的水溶性胶水进行施工。地板粘贴时用软木块从中间向两端挤压地板表面使之平整 不留气泡，最彻底滚压平整。 定期的保养将会保持地板表面的原样和延长地板的使用寿命。保养的周期取决于自然条件和使用强度。 地板必须每天用拖把清洁或者用吸尘器吸除表面的灰尘，小范围可以使用人工清洗，中等以上面积可用擦地机清洗。 不可以使用会给地面带来磨损的清洁器械，清洗时应配合使用中性清洁剂，清洗过后用清水过洗，并将地板擦干或者吸干，这样可以避免赃物沉淀下来。 脚印和 污点 该用适当的清洁方法立即清除。 绝大多数的运动地板都有场地线（画在表面或者贴在表面），在地板保养的时候，一定要加强对它的维护，这样场地线就不会破坏和移动。 在人流量大的场所入口处应放置门垫。 1. 严禁穿皮鞋、高跟鞋或者掉颜色的鞋上场。 2. 严禁切割挤压，表面不宜与坚硬物体摩擦，以免损坏和破坏。 3. 严禁在地板上使用酸、碱等腐蚀性化学剂并远离火源、高温，以免地板变形。"
支架|横梁,
地插|走线盒,
铜排|铜箔|压条,
吸盘,吸板器 使用最方便的吸板器，在机房地板安装、维修过程中都必须使用。禁止使用其它工具撬起地板，防止损坏。 适用：IT机房防静电地板移动，吸力十足。是机房不可缺少的工具。 （1）单杯吸盘： 构造：底部为黑色橡胶垫，直径是12.5厘米.上部为优质钢材.垂直吸力 ≥35千克，水平吸力 ≥50千克。 （2）双杯吸盘： 构造：底部有两个黑色橡胶垫，直径是11厘米。 垂直吸力≥50千克，水平吸力≥70千克。 和单杯吸盘相比，安放地板更方便，更省力！ 其他还有铝合金材质的吸盘，欢迎广大客户来电咨询。 金先生 手机：13758196612 商务热线 ：0571-88093298 网址： www.ycfloor.com 邮箱： jingjie_18@163.com  QQ ： 37463190
陶瓷地板色卡,
地板面层色卡,
地毯装饰面层,
