微信小程序开发商城定制生鲜配送外卖同城社交婚恋直播考试测评,100,慧族网络-15年老店百人开发团队,济南
saas支付宝微信公众号小程序商城H5python开发定制作,290,千界科技-国家高企双软企业,合肥
APP教育商城saas医疗ios安卓java成品软件开发外包,1888,简策科技,临沂
小程序微信H5开发区块链SAAS数字藏品教育医疗电商系统外包,1288,木风科技-10年老店华为合作企业,成都
微信小程序软件开发外包PYTHON分销商城物联网定制SAAS,1888,尧璧信科十年专注品质服务,成都
saas支付宝微信公众号小程序商城H5python开发定制作,1800,笛量科技-入驻猪八戒11年,上海
软件开发/OA/软件定制开发/saas软件/原生混合/物联网,5万,正拓计算机科技有限公司,郑州
支付宝微信公众号小程序商城H5python开发定制作,290,千界科技-国家高企双软企业,合肥
APP开发商城教育医疗代驾家政外卖saas软件系统定制作外包,1629,威之德信息-百人团队十年经验,郑州
支付宝微信公众号小程序商城H5python开发定制作,1800,笛量科技-入驻猪八戒11年,上海
微信抖音支付宝saas模板小程序成品分销商城h5源码定制开发,1980,数字引擎-为创业者而生,滨州
微信小程序开发微信商城saas支付宝微信公众号定制H5,1500,上海米熊网络,上海
小程序微信H5开发区块链saas数字藏品教育医疗电商系统外包,1288,木风科技-10年老店华为合作企业,成都
APP教育商城saas医疗ios安卓java成品软件开发外包,1888,简策科技,临沂
商城小程序开发成品源码模板点餐公众号saas分销积分商城定制,1800,威之德信息-百人团队十年经验,郑州
app软件开发saas医疗NFT商城直播教育物联网外包公司,1890,大连火石致远-国高AAA级企业,大连
ERP系统saas平台CRM管理客户系统定制开发MES生产,5000,名锐讯动-500强合作商,广州
微信小程序定制作开发h5支付宝saas公众号商城分销团购外卖,2000,麦秸映像IT开发-微信/小程序/app,北京
企业办公OA系统ERP系统软件/saas嵌入式软件开发,6999,讯资软件-50人技术团队8年经验南部大区行业之星,深圳
仓储物流软件出入库数据库IT开发定制saas企业管理系统平台,1000,完梦科技-有梦想找完梦,临沂
直播卖房APP定制开发社交软件同城交友聊天saas系统,5000,名锐讯动-500强合作商,广州
微信抖音支付宝saas模板小程序成品分销商城h5源码定制开发,2000,捷径科技-国家高新技术企业,大连
商城小程序开发成品源码模板点餐公众号saas分销积分商城定制,2000,捷径科技-国家高新技术企业,大连
微信公众号小程序saas商城H5python定制作开发外包,1888,千界科技-国家高企双软企业,合肥
物联网Java数字孪生PHP后台管理系统saas软件开发定制,1250,由你创_软件行业源头工厂_国家双软认证,深圳
app开发软件开发教育商城APP物联网,1.98万,蓝霆网络的店,武汉
物业贝贝app互联网物业app智慧社区saas平台物业服务,1万,杭州真琦科技-专业软件定制开发,杭州
微信小程序开发saas定制设计php公众号H5盲盒交友算法c,4200,杰里科技-名企服务商,广州
微信saas商城公众号NFT数字藏品前端小程序后端定制开发,3580,皮皮虾科技★十年经验,重庆
H5小游戏后端定制开发微信PYTHON商城saas前端小程序,5000,像素字节科技,北京
网校教育直播app付费教育软件开发saas开发Java区块链,2980,大连火石致远-国高AAA级企业,大连
支付宝微信公众号小程序商城H5python开发定制作,1400,飞鸿--科技,重庆
仓储物流软件出入库数据库IT开发定制saas企业管理系统平台,1980,数字引擎-为创业者而生,滨州
多商城微信小程序定制开发|多门店|连锁企业|设计规划,3800,派维特定制开发,重庆
微信小程序开发saas定制设计php公众号H5盲盒交友算法c,1889,齐力信息科技十年老店-app开发微信开发网站建设软件开发,济南
微信PHP商城saas前端小程序H5小游戏后端定制开发,999,飞鸿--科技,重庆
小程序电商系统开发（微信支付宝抖音百度H5公众号商城,1888,齐力信息科技十年老店-app开发微信开发网站建设软件开发,济南
原生app定制开发saas软件程序大数据前后端开发物联网外包,1000,六牛科技-专精特新企业,临沂
app小程序开发APP系统开发软件saas后端python,1288,孙悟空科技,天津
APP开发定制ios设计saas电商城教育d播直应用成品工具,5000,杰里科技-名企服务商,广州
微信saas平台分销积分商城定制软件开发小程序后端,6324,码泰软件-国家高新企业,北京
app开发企业管理软件开发saas工具软件考勤财务系统定制,1899,百荣科技-500强合作开发商-12年专注开发,天津
餐饮娱乐工业制造行业erp管理saas后台系统ui界面设计,498,禾马UI,丹东
电商零售百货政府服务erp管理saas后台系统ui界面设计,498,禾马UI,丹东
系统界面软件ui后台管理网页设计saas设计erp设计网站,380,千红视觉,青岛
平台丨saas管理系统开发丨商城小程序网站定制开发,4500,七页科技,合肥
盲盒抽奖小程序开发定制积分兑换微商城电商分销小程序,5999,上海莫畏-10年老店,滨州
北京CRM|OA|saas会员管理系统|进库存系统|定制餐饮,500,创威科技一把一切想法的写进现实,滨州
名宿酒店APP开发定制票务预订App旅游管理系统saas软件,1.28万,上海莫畏-10年老店,滨州
仓储物流软件出入库数据库IT开发定制saas企业管理系统平台,1999,卓诚科技互联网全案服务,天津
